{"cameraMode":{"drawMode":0,"name":"Shaded","section":"Shading Mode"},"sceneLighting":false,"audioPlay":false,"sceneViewState":{"m_AlwaysRefresh":false,"showFog":true,"showSkybox":false,"showFlares":true,"showImageEffects":true,"showParticleSystems":true,"showVisualEffectGraphs":true,"m_FxEnabled":false},"in2DMode":false,"pivot":{"x":0.06830950826406479,"y":0.25673675537109377,"z":0.1320849061012268},"rotation":{"x":-0.12735119462013246,"y":0.8711925745010376,"z":-0.361167311668396,"w":-0.3071939945220947},"size":0.13417820632457734,"orthographic":false}