{"cameraMode":{"drawMode":0,"name":"Shaded","section":"Shading Mode"},"sceneLighting":false,"audioPlay":false,"sceneViewState":{"m_AlwaysRefresh":false,"showFog":true,"showSkybox":false,"showFlares":true,"showImageEffects":true,"showParticleSystems":true,"showVisualEffectGraphs":true,"m_FxEnabled":false},"in2DMode":false,"pivot":{"x":-0.4226949214935303,"y":1.1873869895935059,"z":3.0685033798217775},"rotation":{"x":-0.36468636989593508,"y":-0.006285024806857109,"z":0.0021274632308632137,"w":-0.9313830733299255},"size":1.617289423942566,"orthographic":false}