{"cameraMode":{"drawMode":0,"name":"Shaded","section":"Shading Mode"},"sceneLighting":true,"audioPlay":false,"sceneViewState":{"m_AlwaysRefresh":false,"showFog":true,"showSkybox":true,"showFlares":true,"showImageEffects":true,"showParticleSystems":true,"showVisualEffectGraphs":true,"m_FxEnabled":false},"in2DMode":false,"pivot":{"x":24.738323211669923,"y":-18.65777587890625,"z":-11.197128295898438},"rotation":{"x":0.15910448133945466,"y":0.8264301419258118,"z":-0.29279640316963198,"w":0.4546874463558197},"size":16.827707290649415,"orthographic":false}