{"cameraMode":{"drawMode":0,"name":"Shaded","section":"Shading Mode"},"sceneLighting":true,"audioPlay":false,"sceneViewState":{"m_AlwaysRefresh":false,"showFog":true,"showSkybox":true,"showFlares":true,"showImageEffects":true,"showParticleSystems":true,"showVisualEffectGraphs":true,"m_FxEnabled":false},"in2DMode":false,"pivot":{"x":42.900970458984378,"y":-25.382713317871095,"z":32.146209716796878},"rotation":{"x":-0.20440442860126496,"y":-0.39655277132987978,"z":0.08895150572061539,"w":-0.8909984230995178},"size":50.72134017944336,"orthographic":false}