{"cameraMode":{"drawMode":0,"name":"Shaded","section":"Shading Mode"},"sceneLighting":false,"audioPlay":false,"sceneViewState":{"m_AlwaysRefresh":false,"showFog":true,"showSkybox":false,"showFlares":true,"showImageEffects":true,"showParticleSystems":true,"showVisualEffectGraphs":true,"m_FxEnabled":false},"in2DMode":false,"pivot":{"x":0.291350394487381,"y":0.24478252232074738,"z":-0.09920036047697067},"rotation":{"x":-0.3155992925167084,"y":0.6330909729003906,"z":-0.31537437438964846,"w":-0.6331070065498352},"size":0.8660253882408142,"orthographic":false}