{"cameraMode":{"drawMode":0,"name":"Shaded","section":"Shading Mode"},"sceneLighting":false,"audioPlay":false,"sceneViewState":{"m_AlwaysRefresh":false,"showFog":true,"showSkybox":false,"showFlares":true,"showImageEffects":true,"showParticleSystems":true,"showVisualEffectGraphs":true,"m_FxEnabled":true},"in2DMode":false,"pivot":{"x":0.19752676784992219,"y":-0.5932331681251526,"z":0.2155335396528244},"rotation":{"x":0.5285173654556274,"y":-0.010281616821885109,"z":0.006087858229875565,"w":0.8490018248558044},"size":0.9123790860176086,"orthographic":false}