{"cameraMode":{"drawMode":0,"name":"Shaded","section":"Shading Mode"},"sceneLighting":false,"audioPlay":false,"sceneViewState":{"m_AlwaysRefresh":false,"showFog":true,"showSkybox":false,"showFlares":true,"showImageEffects":true,"showParticleSystems":true,"showVisualEffectGraphs":true,"m_FxEnabled":true},"in2DMode":false,"pivot":{"x":0.846310555934906,"y":1.12103271484375,"z":-0.10915398597717285},"rotation":{"x":0.31098830699920657,"y":-0.6645100712776184,"z":0.35813289880752566,"w":0.5776891112327576},"size":0.06546877324581146,"orthographic":false}