{"cameraMode":{"drawMode":0,"name":"Shaded","section":"Shading Mode"},"sceneLighting":false,"audioPlay":false,"sceneViewState":{"m_AlwaysRefresh":false,"showFog":true,"showSkybox":false,"showFlares":true,"showImageEffects":true,"showParticleSystems":true,"showVisualEffectGraphs":true,"m_FxEnabled":true},"in2DMode":false,"pivot":{"x":-0.1483139991760254,"y":0.6579852104187012,"z":-0.20430317521095277},"rotation":{"x":-0.15979398787021638,"y":0.742396891117096,"z":-0.19068054854869843,"w":-0.6221427321434021},"size":1.4287910461425782,"orthographic":false}