{"cameraMode":{"drawMode":0,"name":"Shaded","section":"Shading Mode"},"sceneLighting":false,"audioPlay":false,"sceneViewState":{"m_AlwaysRefresh":false,"showFog":true,"showSkybox":false,"showFlares":true,"showImageEffects":true,"showParticleSystems":true,"showVisualEffectGraphs":true,"m_FxEnabled":true},"in2DMode":false,"pivot":{"x":0.23808319866657258,"y":-2.8941760063171388,"z":-0.9510898590087891},"rotation":{"x":-0.008540797047317028,"y":-0.8053817749023438,"z":0.5931654572486877,"w":-0.011843775399029255},"size":2.255683422088623,"orthographic":false}