{"cameraMode":{"drawMode":0,"name":"Shaded","section":"Shading Mode"},"sceneLighting":false,"audioPlay":false,"sceneViewState":{"m_AlwaysRefresh":false,"showFog":true,"showSkybox":false,"showFlares":true,"showImageEffects":true,"showParticleSystems":true,"showVisualEffectGraphs":true,"m_FxEnabled":false},"in2DMode":false,"pivot":{"x":0.10000000149011612,"y":0.10000000149011612,"z":0.34700000286102297},"rotation":{"x":-0.3448200225830078,"y":-0.6254152059555054,"z":0.3593263030052185,"w":-0.6012824177742004},"size":0.7385991811752319,"orthographic":false}