{"cameraMode":{"drawMode":0,"name":"Shaded","section":"Shading Mode"},"sceneLighting":false,"audioPlay":false,"sceneViewState":{"m_AlwaysRefresh":false,"showFog":true,"showSkybox":false,"showFlares":true,"showImageEffects":true,"showParticleSystems":true,"showVisualEffectGraphs":true,"m_FxEnabled":false},"in2DMode":false,"pivot":{"x":1.327418327331543,"y":-1.6001843214035035,"z":0.05838008224964142},"rotation":{"x":0.3351973295211792,"y":0.5985717177391052,"z":-0.30294036865234377,"w":0.6620587706565857},"size":1.5713517665863038,"orthographic":false}