{"cameraMode":{"drawMode":0,"name":"Shaded","section":"Shading Mode"},"sceneLighting":false,"audioPlay":false,"sceneViewState":{"m_AlwaysRefresh":false,"showFog":true,"showSkybox":false,"showFlares":true,"showImageEffects":true,"showParticleSystems":true,"showVisualEffectGraphs":true,"m_FxEnabled":false},"in2DMode":false,"pivot":{"x":-0.11590241640806198,"y":0.023436235263943673,"z":-0.0689219981431961},"rotation":{"x":0.005833753384649754,"y":0.5867140889167786,"z":-0.004220281261950731,"w":0.8097842335700989},"size":0.16654260456562043,"orthographic":false}