{"cameraMode":{"drawMode":0,"name":"Shaded","section":"Shading Mode"},"sceneLighting":false,"audioPlay":false,"sceneViewState":{"m_AlwaysRefresh":false,"showFog":true,"showSkybox":false,"showFlares":true,"showImageEffects":true,"showParticleSystems":true,"showVisualEffectGraphs":true,"m_FxEnabled":false},"in2DMode":false,"pivot":{"x":-0.1698891520500183,"y":0.8155573606491089,"z":-0.38548773527145388},"rotation":{"x":0.48221421241760256,"y":-0.005344051867723465,"z":0.0026110259350389244,"w":0.8761991262435913},"size":0.22483515739440919,"orthographic":false}