{"cameraMode":{"drawMode":0,"name":"Shaded","section":"Shading Mode"},"sceneLighting":false,"audioPlay":false,"sceneViewState":{"m_AlwaysRefresh":false,"showFog":true,"showSkybox":false,"showFlares":true,"showImageEffects":true,"showParticleSystems":true,"showVisualEffectGraphs":true,"m_FxEnabled":false},"in2DMode":false,"pivot":{"x":2.1867640018463136,"y":-3.7995569705963136,"z":0.10066524147987366},"rotation":{"x":0.3605094254016876,"y":0.5958826541900635,"z":-0.33991381525993349,"w":0.6319903135299683},"size":2.8595972061157228,"orthographic":false}